year,survey_id,cap_subtopic,count,share,sample_size
1977,814,99,182,0.09090909090909091,2002
1977,814,100,174,0.08691308691308691,2002
1977,814,101,96,0.04795204795204795,2002
1977,814,500,977,0.48801198801198803,2002
1977,814,600,52,0.025974025974025976,2002
1977,814,700,17,0.008491508491508492,2002
1977,814,800,38,0.01898101898101898,2002
1977,814,1200,134,0.06693306693306693,2002
1977,814,1299,28,0.013986013986013986,2002
1977,814,1300,65,0.032467532467532464,2002
1977,814,1303,65,0.032467532467532464,2002
1977,814,1602,1,4.995004995004995e-4,2002
1977,814,1900,85,0.042457542457542456,2002
1977,814,1910,5,0.0024975024975024975,2002
1977,814,1999,3,0.0014985014985014985,2002
1977,814,2012,49,0.024475524475524476,2002
1977,814,2099,6,0.002997002997002997,2002
1977,814,2500,25,0.012487512487512488,2002
1978,1220,99,79,0.03928393833913476,2011
1978,1323,99,338,0.056559571619812586,5976
1978,1220,100,161,0.0800596718050721,2011
1978,1323,100,485,0.08115796519410977,5976
1978,1220,101,56,0.0278468423669816,2011
1978,1323,101,153,0.025602409638554216,5976
1978,1323,105,47,0.0078647925033467209,5976
1978,1323,107,164,0.02744310575635877,5976
1978,1323,110,182,0.030455153949129853,5976
1978,1323,200,41,0.006860776439089692,5976
1978,1323,207,4,6.693440428380187e-4,5976
1978,1323,209,39,0.006526104417670682,5976
1978,1323,230,43,0.007195448460508702,5976
1978,1323,300,27,0.004518072289156626,5976
1978,1220,500,1042,0.5181501740427648,2011
1978,1323,500,2237,0.374330655957162,5976
1978,1323,503,3,5.02008032128514e-4,5976
1978,1323,504,20,0.0033467202141900937,5976
1978,1323,505,15,0.0025100401606425703,5976
1978,1323,506,372,0.06224899598393574,5976
1978,1220,600,16,0.007956240676280457,2011
1978,1323,600,50,0.008366800535475234,5976
1978,1323,601,11,0.0018406961178045514,5976
1978,1323,602,109,0.018239625167336012,5976
1978,1323,604,9,0.0015060240963855422,5976
1978,1323,609,5,8.366800535475234e-4,5976
1978,1220,700,7,0.0034808552958727,2011
1978,1323,700,88,0.014725568942436412,5976
1978,1220,800,16,0.007956240676280457,2011
1978,1323,800,53,0.008868808567603748,5976
1978,1323,801,28,0.004685408299866131,5976
1978,1323,1000,8,0.0013386880856760374,5976
1978,1323,1001,2,3.3467202141900936e-4,5976
1978,1220,1200,352,0.17503729487817007,2011
1978,1323,1200,168,0.028112449799196786,5976
1978,1323,1208,60,0.010040160642570281,5976
1978,1323,1227,296,0.049531459170013385,5976
1978,1220,1299,23,0.011437095972153158,2011
1978,1220,1300,44,0.02187966185977126,2011
1978,1323,1300,130,0.02175368139223561,5976
1978,1220,1303,92,0.04574838388861263,2011
1978,1323,1303,333,0.05572289156626506,5976
1978,1323,1308,123,0.020582329317269075,5976
1978,1323,1403,1,1.6733601070950468e-4,5976
1978,1323,1406,22,0.003681392235609103,5976
1978,1323,1600,8,0.0013386880856760374,5976
1978,1220,1602,8,0.003978120338140228,2011
1978,1323,1605,3,5.02008032128514e-4,5976
1978,1323,1800,8,0.0013386880856760374,5976
1978,1220,1900,69,0.034311287916459474,2011
1978,1323,1900,174,0.029116465863453816,5976
1978,1323,1901,13,0.002175368139223561,5976
1978,1220,1910,1,4.972650422675286e-4,2011
1978,1323,1910,28,0.004685408299866131,5976
1978,1323,1916,1,1.6733601070950468e-4,5976
1978,1220,1999,5,0.002486325211337643,2011
1978,1323,2002,20,0.0033467202141900937,5976
1978,1220,2012,31,0.015415216310293387,2011
1978,1323,2012,26,0.004350736278447122,5976
1978,1220,2500,9,0.0044753853804077575,2011
1978,1323,2500,29,0.0048527443105756355,5976
1979,1324,99,192,0.04844814534443603,3963
1979,1324,100,297,0.07494322482967448,3963
1979,1324,101,139,0.035074438556649004,3963
1979,1324,105,38,0.009588695432752965,3963
1979,1324,107,106,0.026747413575574062,3963
1979,1324,110,270,0.06813020439061317,3963
1979,1324,200,57,0.014383043149129448,3963
1979,1324,207,10,0.0025233409033560434,3963
1979,1324,209,4,0.0010093363613424174,3963
1979,1324,230,26,0.006560686348725713,3963
1979,1324,300,24,0.006056018168054504,3963
1979,1324,500,720,0.18168054504163514,3963
1979,1324,504,3,7.57002271006813e-4,3963
1979,1324,505,8,0.0020186727226848347,3963
1979,1324,506,127,0.03204642947262175,3963
1979,1324,600,25,0.0063083522583901085,3963
1979,1324,601,4,0.0010093363613424174,3963
1979,1324,602,65,0.01640171587181428,3963
1979,1324,604,3,7.57002271006813e-4,3963
1979,1324,609,1,2.5233409033560434e-4,3963
1979,1324,700,109,0.027504415846580872,3963
1979,1324,800,590,0.14887711329800657,3963
1979,1324,801,210,0.05299015897047691,3963
1979,1324,1000,6,0.001514004542013626,3963
1979,1324,1001,3,7.57002271006813e-4,3963
1979,1324,1200,80,0.020186727226848347,3963
1979,1324,1208,41,0.010345697703759779,3963
1979,1324,1227,21,0.005299015897047691,3963
1979,1324,1300,55,0.01387837496845824,3963
1979,1324,1303,244,0.06156951804188746,3963
1979,1324,1308,92,0.0232147363108756,3963
1979,1324,1403,2,5.046681806712087e-4,3963
1979,1324,1406,20,0.005046681806712087,3963
1979,1324,1600,12,0.003028009084027252,3963
1979,1324,1605,23,0.0058036840777189,3963
1979,1324,1800,2,5.046681806712087e-4,3963
1979,1324,1900,251,0.06333585667423669,3963
1979,1324,1901,8,0.0020186727226848347,3963
1979,1324,1910,12,0.003028009084027252,3963
1979,1324,2002,11,0.0027756749936916477,3963
1979,1324,2010,2,5.046681806712087e-4,3963
1979,1324,2012,20,0.005046681806712087,3963
1979,1324,2500,27,0.006813020439061317,3963
1979,1324,2599,3,7.57002271006813e-4,3963
1980,1053,99,26,0.02462121212121212,1056
1980,1325,99,93,0.03496240601503759,2660
1980,1053,100,73,0.06912878787878787,1056
1980,1325,100,299,0.11240601503759398,2660
1980,1053,101,104,0.09848484848484848,1056
1980,1325,101,84,0.031578947368421054,2660
1980,1053,105,153,0.14488636363636365,1056
1980,1325,105,105,0.039473684210526314,2660
1980,1053,107,36,0.03409090909090909,1056
1980,1325,107,35,0.013157894736842105,2660
1980,1325,110,150,0.05639097744360902,2660
1980,1053,200,12,0.011363636363636364,1056
1980,1325,200,14,0.005263157894736842,2660
1980,1053,202,2,0.001893939393939394,1056
1980,1325,202,1,0.00037593984962406017,2660
1980,1325,207,4,0.0015037593984962407,2660
1980,1325,209,4,0.0015037593984962407,2660
1980,1325,230,58,0.02180451127819549,2660
1980,1053,300,2,0.001893939393939394,1056
1980,1325,300,13,0.004887218045112782,2660
1980,1325,400,3,0.0011278195488721805,2660
1980,1053,500,200,0.1893939393939394,1056
1980,1325,500,574,0.21578947368421053,2660
1980,1053,504,3,0.002840909090909091,1056
1980,1325,504,2,7.518796992481203e-4,2660
1980,1325,505,6,0.002255639097744361,2660
1980,1053,506,23,0.021780303030303032,1056
1980,1325,506,63,0.02368421052631579,2660
1980,1053,529,13,0.01231060606060606,1056
1980,1053,600,10,0.00946969696969697,1056
1980,1325,600,5,0.0018796992481203006,2660
1980,1325,601,2,7.518796992481203e-4,2660
1980,1325,602,27,0.010150375939849625,2660
1980,1325,604,1,0.00037593984962406017,2660
1980,1325,609,2,7.518796992481203e-4,2660
1980,1053,700,19,0.017992424242424244,1056
1980,1325,700,42,0.015789473684210527,2660
1980,1053,800,62,0.058712121212121215,1056
1980,1325,800,126,0.04736842105263158,2660
1980,1053,801,11,0.010416666666666666,1056
1980,1325,801,19,0.007142857142857143,2660
1980,1325,1000,1,0.00037593984962406017,2660
1980,1053,1200,19,0.017992424242424244,1056
1980,1325,1200,83,0.031203007518796993,2660
1980,1053,1206,8,0.007575757575757576,1056
1980,1053,1208,2,0.001893939393939394,1056
1980,1325,1208,21,0.007894736842105263,2660
1980,1053,1227,8,0.007575757575757576,1056
1980,1325,1227,26,0.009774436090225564,2660
1980,1053,1300,10,0.00946969696969697,1056
1980,1325,1300,45,0.016917293233082706,2660
1980,1053,1303,100,0.0946969696969697,1056
1980,1325,1303,170,0.06390977443609022,2660
1980,1325,1308,63,0.02368421052631579,2660
1980,1053,1400,5,0.004734848484848485,1056
1980,1325,1403,1,0.00037593984962406017,2660
1980,1053,1406,4,0.003787878787878788,1056
1980,1325,1406,21,0.007894736842105263,2660
1980,1325,1600,8,0.0030075187969924814,2660
1980,1325,1605,6,0.002255639097744361,2660
1980,1325,1800,4,0.0015037593984962407,2660
1980,1053,1900,81,0.07670454545454546,1056
1980,1325,1900,411,0.1545112781954887,2660
1980,1325,1901,6,0.002255639097744361,2660
1980,1053,1908,15,0.014204545454545454,1056
1980,1053,1910,4,0.003787878787878788,1056
1980,1325,1910,6,0.002255639097744361,2660
1980,1053,1916,13,0.01231060606060606,1056
1980,1325,1916,9,0.0033834586466165413,2660
1980,1053,2000,8,0.007575757575757576,1056
1980,1325,2002,8,0.0030075187969924814,2660
1980,1325,2010,7,0.002631578947368421,2660
1980,1325,2012,15,0.005639097744360902,2660
1980,1325,2014,1,0.00037593984962406017,2660
1980,1053,2500,30,0.028409090909090908,1056
1980,1325,2500,13,0.004887218045112782,2660
1980,1325,2599,3,0.0011278195488721805,2660
1983,1399,99,19,0.01043382756727073,1821
1983,1399,100,150,0.08237232289950576,1821
1983,1399,101,13,0.007138934651290499,1821
1983,1399,104,9,0.004942339373970346,1821
1983,1399,105,35,0.019220208676551345,1821
1983,1399,107,7,0.003844041735310269,1821
1983,1399,108,1,5.491488193300384e-4,1821
1983,1399,202,1,5.491488193300384e-4,1821
1983,1399,209,1,5.491488193300384e-4,1821
1983,1399,230,7,0.003844041735310269,1821
1983,1399,399,2,0.001098297638660077,1821
1983,1399,402,4,0.002196595277320154,1821
1983,1399,500,1166,0.6403075233388248,1821
1983,1399,504,1,5.491488193300384e-4,1821
1983,1399,505,6,0.0032948929159802307,1821
1983,1399,529,4,0.002196595277320154,1821
1983,1399,600,1,5.491488193300384e-4,1821
1983,1399,601,6,0.0032948929159802307,1821
1983,1399,602,1,5.491488193300384e-4,1821
1983,1399,604,1,5.491488193300384e-4,1821
1983,1399,700,47,0.02580999450851181,1821
1983,1399,800,3,0.0016474464579901153,1821
1983,1399,1001,1,5.491488193300384e-4,1821
1983,1399,1002,3,0.0016474464579901153,1821
1983,1399,1200,26,0.014277869302580999,1821
1983,1399,1208,6,0.0032948929159802307,1821
1983,1399,1300,31,0.017023613399231193,1821
1983,1399,1303,67,0.036792970895112576,1821
1983,1399,1308,1,5.491488193300384e-4,1821
1983,1399,1400,5,0.0027457440966501922,1821
1983,1399,1406,5,0.0027457440966501922,1821
1983,1399,1521,5,0.0027457440966501922,1821
1983,1399,1600,38,0.02086765513454146,1821
1983,1399,1900,134,0.07358594179022515,1821
1983,1399,1901,2,0.001098297638660077,1821
1983,1399,1908,1,5.491488193300384e-4,1821
1983,1399,2002,5,0.0027457440966501922,1821
1983,1399,2012,5,0.0027457440966501922,1821
1983,1399,2500,1,5.491488193300384e-4,1821
1986,1536,99,53,0.01328986960882648,3988
1986,1536,100,259,0.06494483450351053,3988
1986,1536,101,47,0.011785356068204614,3988
1986,1536,103,1287,0.3227181544633902,3988
1986,1536,107,47,0.011785356068204614,3988
1986,1536,200,19,0.004764292878635908,3988
1986,1536,207,17,0.004262788365095286,3988
1986,1536,230,94,0.02357071213640923,3988
1986,1536,400,26,0.006519558676028084,3988
1986,1536,504,57,0.014292878635907722,3988
1986,1536,506,117,0.029338014042126378,3988
1986,1536,700,583,0.14618856569709127,3988
1986,1536,801,364,0.09127382146439318,3988
1986,1536,1200,182,0.04563691073219659,3988
1986,1536,1202,19,0.004764292878635908,3988
1986,1536,1206,6,0.0015045135406218655,3988
1986,1536,1300,126,0.03159478435305918,3988
1986,1536,1303,383,0.09603811434302909,3988
1986,1536,1605,227,0.056920762286860584,3988
1986,1536,1900,50,0.012537612838515547,3988
1986,1536,2010,20,0.0050150451354062184,3988
1986,1536,2500,5,0.0012537612838515546,3988
1987,1899,99,38,0.012578616352201259,3021
1987,1899,100,138,0.04568023833167825,3021
1987,1899,101,17,0.005627275736511089,3021
1987,1899,103,1020,0.33763654419066536,3021
1987,1899,107,100,0.033101621979477,3021
1987,1899,108,16,0.005296259516716319,3021
1987,1899,200,24,0.007944389275074478,3021
1987,1899,207,3,9.930486593843098e-4,3021
1987,1899,230,44,0.014564713670969877,3021
1987,1899,331,41,0.013571665011585568,3021
1987,1899,400,28,0.009268454154253558,3021
1987,1899,504,8,0.0026481297583581596,3021
1987,1899,506,87,0.028798411122144985,3021
1987,1899,700,443,0.14664018536908308,3021
1987,1899,801,103,0.034094670638861305,3021
1987,1899,1200,57,0.018867924528301886,3021
1987,1899,1206,18,0.005958291956305859,3021
1987,1899,1300,88,0.029129427341939754,3021
1987,1899,1303,338,0.11188348229063225,3021
1987,1899,1605,300,0.09930486593843098,3021
1987,1899,1900,29,0.009599470374048328,3021
1987,1899,2010,53,0.017543859649122806,3021
1987,1899,2099,4,0.0013240648791790798,3021
1987,1899,2500,24,0.007944389275074478,3021
1988,1762,99,33,0.016524787180771158,1997
1988,1762,100,103,0.05157736604907361,1997
1988,1762,101,18,0.009013520280420632,1997
1988,1762,103,630,0.3154732098147221,1997
1988,1762,107,118,0.05908863294942414,1997
1988,1762,108,22,0.011016524787180772,1997
1988,1762,200,17,0.008512769153730596,1997
1988,1762,207,4,0.00200300450676014,1997
1988,1762,230,43,0.021532298447671506,1997
1988,1762,331,69,0.03455182774161242,1997
1988,1762,400,19,0.009514271407110666,1997
1988,1762,504,16,0.00801201802704056,1997
1988,1762,506,39,0.019529293940911366,1997
1988,1762,700,289,0.14471707561342012,1997
1988,1762,801,87,0.04356534802203305,1997
1988,1762,1200,40,0.020030045067601403,1997
1988,1762,1206,5,0.0025037556334501754,1997
1988,1762,1300,103,0.05157736604907361,1997
1988,1762,1303,167,0.08362543815723586,1997
1988,1762,1605,133,0.06659989984977466,1997
1988,1762,1900,8,0.00400600901352028,1997
1988,1762,2010,29,0.014521782674011016,1997
1988,1762,2099,1,5.00751126690035e-4,1997
1988,1762,2500,4,0.00200300450676014,1997
1989,1779,99,1066,0.11759514616657474,9065
1989,1779,100,79,0.008714837286265858,9065
1989,1779,103,1480,0.16326530612244897,9065
1989,1779,209,127,0.014009928295642581,9065
1989,1779,230,1917,0.2114726971869829,9065
1989,1779,300,4,4.41257584114727e-4,9065
1989,1779,301,171,0.01886376172090458,9065
1989,1779,400,6,6.618863761720904e-4,9065
1989,1779,600,3,3.309431880860452e-4,9065
1989,1779,700,1531,0.16889134031991174,9065
1989,1779,1000,2,2.206287920573635e-4,9065
1989,1779,1200,152,0.016767788196359625,9065
1989,1779,1303,101,0.011141753998896857,9065
1989,1779,1400,400,0.0441257584114727,9065
1989,1779,1599,1,1.1031439602868175e-4,9065
1989,1779,1610,36,0.0039713182570325425,9065
1989,1779,1900,259,0.02857142857142857,9065
1989,1779,1908,6,6.618863761720904e-4,9065
1989,1779,2012,127,0.014009928295642581,9065
1989,1779,2099,2,2.206287920573635e-4,9065
1989,1779,2500,1595,0.17595146166574738,9065
1990,1920,99,610,0.05665459273706697,10767
1990,1987,99,85,0.07124895222129086,1193
1990,1920,100,121,0.011238042165877217,10767
1990,1987,100,145,0.12154233025984912,1193
1990,1920,101,35,0.0032506733537661374,10767
1990,1987,101,15,0.012573344509639563,1193
1990,1920,103,775,0.0719791956905359,10767
1990,1987,103,641,0.537300922045264,1193
1990,1920,107,69,0.006408470325996099,10767
1990,1920,209,11,0.0010216401968979288,10767
1990,1920,230,679,0.06306306306306306,10767
1990,1920,300,33,0.0030649205906937865,10767
1990,1987,331,13,0.010896898575020955,1193
1990,1987,500,29,0.024308466051969825,1193
1990,1987,600,5,0.004191114836546521,1193
1990,1920,700,1285,0.11934615027398532,10767
1990,1987,700,23,0.019279128248113998,1193
1990,1920,1200,69,0.006408470325996099,10767
1990,1920,1303,80,0.007430110522894028,10767
1990,1987,1303,74,0.06202849958088852,1193
1990,1920,1308,7,6.501346707532275e-4,10767
1990,1920,1399,43,0.00399368440605554,10767
1990,1920,1400,558,0.051825020897185846,10767
1990,1987,1400,18,0.015088013411567477,1193
1990,1920,1605,127,0.01179530045509427,10767
1990,1920,1900,124,0.011516671310485744,10767
1990,1987,1900,56,0.04694048616932104,1193
1990,1920,1910,14,0.001300269341506455,10767
1990,1920,1920,138,0.012816940651992199,10767
1990,1987,1920,4,0.003352891869237217,1193
1990,1920,2012,5,4.6438190768087673e-4,10767
1990,1920,2500,5812,0.5397975294882511,10767
1990,1987,2500,25,0.020955574182732608,1193
1990,1987,2501,1,8.382229673093043e-4,1193
1990,1920,2502,172,0.01597473762422216,10767
1990,1987,2503,7,0.00586756077116513,1193
1990,1987,2504,52,0.04358759430008382,1193
1991,2102,99,452,0.04165514699106073,10851
1991,2114,99,486,0.04109936575052854,11825
1991,2102,100,130,0.011980462630172335,10851
1991,2114,100,1249,0.10562367864693446,11825
1991,2102,101,80,0.007372592387798359,10851
1991,2114,101,269,0.022748414376321354,11825
1991,2102,103,634,0.058427794673302,10851
1991,2114,103,5714,0.48321353065539113,11825
1991,2102,107,472,0.04349829508801032,10851
1991,2114,107,53,0.0044820295983086685,11825
1991,2102,207,17,0.0015666758824071515,10851
1991,2114,207,12,0.001014799154334038,11825
1991,2102,209,78,0.007188277578103401,10851
1991,2114,209,27,0.0022832980972515857,11825
1991,2102,230,2185,0.2013639295917427,10851
1991,2114,230,218,0.01843551797040169,11825
1991,2102,300,42,0.003870611003594139,10851
1991,2114,300,30,0.002536997885835095,11825
1991,2114,331,35,0.002959830866807611,11825
1991,2114,500,326,0.027568710359408034,11825
1991,2114,600,30,0.002536997885835095,11825
1991,2102,700,854,0.07870242373974749,10851
1991,2114,700,138,0.011670190274841438,11825
1991,2114,1002,30,0.002536997885835095,11825
1991,2102,1200,56,0.005160814671458852,10851
1991,2114,1200,140,0.011839323467230444,11825
1991,2114,1300,6,5.07399577167019e-4,11825
1991,2102,1303,52,0.004792185052068933,10851
1991,2114,1303,557,0.04710359408033827,11825
1991,2102,1308,25,0.0023039351211869875,10851
1991,2102,1399,91,0.008386323841120634,10851
1991,2114,1399,21,0.0017758985200845665,11825
1991,2102,1400,315,0.02902958252695604,10851
1991,2114,1400,240,0.02029598308668076,11825
1991,2102,1606,1,9.21574048474795e-5,10851
1991,2102,1900,498,0.04589438761404479,10851
1991,2114,1900,633,0.05353065539112051,11825
1991,2102,1908,212,0.019537369827665654,10851
1991,2114,1908,19,0.0016067653276955602,11825
1991,2102,1910,35,0.003225509169661782,10851
1991,2102,1920,966,0.08902405308266519,10851
1991,2114,1920,404,0.03416490486257928,11825
1991,2102,2011,2,1.84314809694959e-4,10851
1991,2102,2014,21,0.0019353055017970694,10851
1991,2102,2500,2967,0.2734310201824717,10851
1991,2114,2500,64,0.005412262156448203,11825
1991,2114,2501,3,2.536997885835095e-4,11825
1991,2102,2502,666,0.06137683162842134,10851
1991,2114,2502,602,0.05090909090909091,11825
1991,2114,2503,62,0.005243128964059197,11825
1991,2114,2504,457,0.03864693446088795,11825
1992,2275,99,518,0.048011863935489854,10789
1992,2287,99,131,0.011175567309332878,11722
1992,2275,100,227,0.021039948095282233,10789
1992,2287,100,1069,0.09119604163112097,11722
1992,2275,101,190,0.017610529242747242,10789
1992,2287,101,218,0.01859750895751578,11722
1992,2275,103,747,0.069237186022801,10789
1992,2287,103,5640,0.48114656202013306,11722
1992,2275,105,118,0.010937065529706183,10789
1992,2287,105,18,0.0015355741341068077,11722
1992,2275,107,196,0.018166651218834,10789
1992,2287,107,26,0.002218051527043167,11722
1992,2287,200,16,0.001364954785872718,11722
1992,2287,202,1,8.530967411704488e-5,11722
1992,2275,207,14,0.0012976179442024283,10789
1992,2287,207,21,0.0017915031564579424,11722
1992,2275,209,425,0.03939197330614515,10789
1992,2287,209,293,0.02499573451629415,11722
1992,2275,230,4703,0.43590694225600146,10789
1992,2287,230,769,0.06560313939600751,11722
1992,2275,300,65,0.006024654740939846,10789
1992,2287,300,66,0.005630438491724962,11722
1992,2287,500,303,0.025848831257464597,11722
1992,2275,503,6,5.561219760867551e-4,10789
1992,2275,504,75,0.006951524701084438,10789
1992,2287,504,12,0.0010237160894045385,11722
1992,2275,700,698,0.06469552321809251,10789
1992,2287,700,169,0.014417334925780583,11722
1992,2275,1002,3,2.7806098804337753e-4,10789
1992,2287,1002,36,0.0030711482682136155,11722
1992,2275,1200,92,0.008527203633330243,10789
1992,2287,1200,327,0.027896263436273674,11722
1992,2275,1303,102,0.009454073593474836,10789
1992,2287,1303,573,0.04888244326906671,11722
1992,2275,1308,18,0.001668365928260265,10789
1992,2275,1399,111,0.010288256557604968,10789
1992,2287,1399,123,0.01049308991639652,11722
1992,2275,1400,420,0.038928538326072855,10789
1992,2287,1400,303,0.025848831257464597,11722
1992,2287,1602,1,8.530967411704488e-5,11722
1992,2287,1605,1,8.530967411704488e-5,11722
1992,2275,1900,229,0.02122532208731115,10789
1992,2287,1900,339,0.02891997952567821,11722
1992,2275,1908,45,0.004170914820650662,10789
1992,2287,1908,26,0.002218051527043167,11722
1992,2275,1910,38,0.0035221058485494484,10789
1992,2287,1910,2,1.7061934823408976e-4,11722
1992,2287,2002,1,8.530967411704488e-5,11722
1992,2287,2011,1,8.530967411704488e-5,11722
1992,2275,2012,60,0.0055612197608675504,10789
1992,2287,2012,25,0.0021327418529261217,11722
1992,2287,2099,1,8.530967411704488e-5,11722
1992,2275,2500,1259,0.1166929279822041,10789
1992,2275,2502,427,0.03957734729817407,10789
1992,2287,2502,867,0.07396348745947791,11722
1992,2275,2503,3,2.7806098804337753e-4,10789
1992,2287,2503,43,0.0036683159870329295,11722
1992,2287,2504,301,0.025678211909230506,11722
1993,2378,99,496,0.04566378199226662,10862
1993,2390,99,19,0.0016386373436826217,11595
1993,2378,100,663,0.061038482784017675,10862
1993,2390,100,922,0.07951703320396723,11595
1993,2378,101,121,0.011139753268274719,10862
1993,2390,101,219,0.01888745148771022,11595
1993,2378,103,2771,0.2551095562511508,10862
1993,2390,103,6164,0.5316084519189306,11595
1993,2378,105,176,0.016203277481126863,10862
1993,2390,105,30,0.00258732212160414,11595
1993,2378,107,163,0.015006444485361812,10862
1993,2390,107,28,0.0024148339801638636,11595
1993,2378,200,445,0.04096851408580372,10862
1993,2390,200,207,0.017852522639068565,11595
1993,2390,201,2,1.72488141440276e-4,11595
1993,2390,202,1,8.6244070720138e-5,11595
1993,2378,207,3,2.761922297919352e-4,10862
1993,2390,207,12,0.001034928848641656,11595
1993,2378,209,812,0.07475603019701713,10862
1993,2390,209,398,0.03432514014661492,11595
1993,2390,210,1,8.6244070720138e-5,11595
1993,2378,230,3105,0.2858589578346529,10862
1993,2390,230,725,0.06252695127210005,11595
1993,2378,300,43,0.0039587552936844045,10862
1993,2390,300,51,0.004398447606727037,11595
1993,2378,331,2,1.8412815319462345e-4,10862
1993,2378,500,3,2.761922297919352e-4,10862
1993,2390,500,149,0.01285036653730056,11595
1993,2390,504,11,9.486847779215179e-4,11595
1993,2390,506,1,8.6244070720138e-5,11595
1993,2390,600,2,1.72488141440276e-4,11595
1993,2390,602,3,2.58732212160414e-4,11595
1993,2378,700,321,0.029552568587737065,10862
1993,2390,700,109,0.00940060370849504,11595
1993,2390,703,1,8.6244070720138e-5,11595
1993,2378,1002,16,0.0014730252255569876,10862
1993,2390,1002,25,0.0021561017680034496,11595
1993,2378,1200,176,0.016203277481126863,10862
1993,2390,1200,505,0.043553255713669685,11595
1993,2390,1208,8,6.89952565761104e-4,11595
1993,2378,1300,46,0.00423494752347634,10862
1993,2390,1300,13,0.0011211729193617939,11595
1993,2378,1302,37,0.003406370834100534,10862
1993,2390,1302,8,6.89952565761104e-4,11595
1993,2378,1303,67,0.0061682931320198855,10862
1993,2390,1303,418,0.03605002156101768,11595
1993,2390,1308,3,2.58732212160414e-4,11595
1993,2378,1399,126,0.011600073651261278,10862
1993,2390,1399,146,0.012591634325140147,11595
1993,2378,1400,199,0.018320751242865033,10862
1993,2390,1400,261,0.022509702457956016,11595
1993,2390,1403,1,8.6244070720138e-5,11595
1993,2378,1602,1,9.206407659731172e-5,10862
1993,2390,1602,4,3.44976282880552e-4,11595
1993,2390,1605,2,1.72488141440276e-4,11595
1993,2390,1619,2,1.72488141440276e-4,11595
1993,2390,1707,1,8.6244070720138e-5,11595
1993,2378,1900,197,0.01813662308967041,10862
1993,2390,1900,244,0.02104355325571367,11595
1993,2390,1905,1,8.6244070720138e-5,11595
1993,2378,1908,49,0.004511139753268275,10862
1993,2390,1908,63,0.0054333764553686935,11595
1993,2378,1910,16,0.0014730252255569876,10862
1993,2390,1910,11,9.486847779215179e-4,11595
1993,2378,1911,3,2.761922297919352e-4,10862
1993,2378,1920,7,6.444485361811821e-4,10862
1993,2390,2002,4,3.44976282880552e-4,11595
1993,2390,2010,3,2.58732212160414e-4,11595
1993,2390,2011,3,2.58732212160414e-4,11595
1993,2378,2012,32,0.002946050451113975,10862
1993,2390,2012,8,6.89952565761104e-4,11595
1993,2390,2400,2,1.72488141440276e-4,11595
1993,2378,2500,512,0.0471368072178236,10862
1993,2378,2502,254,0.02338427545571718,10862
1993,2390,2502,613,0.05286761535144459,11595
1993,2390,2503,3,2.58732212160414e-4,11595
1993,2390,2504,188,0.016213885295385942,11595
1994,2546,99,310,0.026304624522698345,11785
1994,2559,99,10,7.816774798718049e-4,12793
1994,2546,100,631,0.05354263894781502,11785
1994,2559,100,704,0.055030094582975066,12793
1994,2546,101,63,0.0053457785320322445,11785
1994,2559,101,174,0.013601188149769405,12793
1994,2546,103,5927,0.5029274501484938,11785
1994,2559,103,8474,0.6623934964433674,12793
1994,2546,105,168,0.014255409418752652,11785
1994,2559,105,33,0.0025795356835769563,12793
1994,2546,107,224,0.01900721255833687,11785
1994,2559,107,76,0.005940748847025717,12793
1994,2546,200,318,0.02698345354263895,11785
1994,2559,200,133,0.010396310482295005,12793
1994,2559,205,1,7.81677479871805e-5,12793
1994,2559,207,2,1.56335495974361e-4,12793
1994,2546,209,649,0.055070004242681374,11785
1994,2559,209,267,0.02087078871257719,12793
1994,2546,230,1408,0.11947390750954603,11785
1994,2559,230,359,0.028062221527397797,12793
1994,2546,300,53,0.004497242257106492,11785
1994,2559,300,63,0.004924568123192371,12793
1994,2559,400,2,1.56335495974361e-4,12793
1994,2546,500,32,0.00271531607976241,11785
1994,2559,500,116,0.009067458766512937,12793
1994,2559,506,5,3.9083873993590244e-4,12793
1994,2559,600,6,4.6900648792308296e-4,12793
1994,2546,700,448,0.03801442511667374,11785
1994,2559,700,92,0.007191432814820605,12793
1994,2559,704,1,7.81677479871805e-5,12793
1994,2559,1000,1,7.81677479871805e-5,12793
1994,2546,1002,31,0.0026304624522698345,11785
1994,2559,1002,75,0.0058625810990385364,12793
1994,2546,1200,328,0.0278319898175647,11785
1994,2559,1200,636,0.049714687719846794,12793
1994,2559,1208,32,0.002501367935589776,12793
1994,2546,1300,30,0.002545608824777259,11785
1994,2559,1300,33,0.0025795356835769563,12793
1994,2546,1302,87,0.007382265591854052,11785
1994,2559,1302,116,0.009067458766512937,12793
1994,2546,1303,127,0.010776410691557064,11785
1994,2559,1303,235,0.018369420776987416,12793
1994,2546,1308,41,0.0034789987271955877,11785
1994,2559,1308,12,9.380129758461659e-4,12793
1994,2546,1399,218,0.018498090793381418,11785
1994,2559,1399,189,0.014773704369577112,12793
1994,2546,1400,176,0.014934238438693254,11785
1994,2559,1400,257,0.020089111232705386,12793
1994,2559,1409,1,7.81677479871805e-5,12793
1994,2559,1500,1,7.81677479871805e-5,12793
1994,2559,1602,3,2.3450324396154148e-4,12793
1994,2546,1900,224,0.01900721255833687,11785
1994,2559,1900,285,0.02227780817634644,12793
1994,2546,1908,46,0.003903266864658464,11785
1994,2559,1908,47,0.003673884155397483,12793
1994,2546,1910,20,0.0016970725498515061,11785
1994,2559,1910,15,0.0011725162198077074,12793
1994,2546,1920,3,2.545608824777259e-4,11785
1994,2559,1920,3,2.3450324396154148e-4,12793
1994,2559,2002,4,3.12670991948722e-4,12793
1994,2546,2012,2,1.6970725498515062e-4,11785
1994,2559,2012,9,7.035097318846244e-4,12793
1994,2546,2500,221,0.01875265167585914,11785
1994,2559,2502,321,0.025091847103884936,12793
1995,2765,99,299,0.028135880304883787,10627
1995,2777,99,81,0.007205764611689352,11241
1995,2765,100,366,0.034440575891596874,10627
1995,2777,100,430,0.03825282448180767,11241
1995,2765,101,53,0.004987296508892443,10627
1995,2777,101,143,0.01272128814162441,11241
1995,2765,103,5263,0.4952479533264327,10627
1995,2777,103,7476,0.6650653856418468,11241
1995,2765,105,148,0.013926790251246823,10627
1995,2777,105,29,0.0025798416510986566,11241
1995,2765,107,445,0.04187447068787052,10627
1995,2777,107,121,0.010764166889066808,11241
1995,2765,200,262,0.02465418274207208,10627
1995,2777,200,114,0.010141446490525754,11241
1995,2777,207,5,4.4480028467218217e-4,11241
1995,2765,209,285,0.02681848122706314,10627
1995,2777,209,103,0.009162885864246953,11241
1995,2765,230,1129,0.10623882563282205,10627
1995,2777,230,285,0.025353616226314386,11241
1995,2765,300,57,0.005363696245412628,10627
1995,2777,300,56,0.004981763188328441,11241
1995,2765,500,31,0.0029170979580314294,10627
1995,2777,500,85,0.007561604839427097,11241
1995,2777,506,13,0.0011564807401476737,11241
1995,2777,602,2,1.7792011386887289e-4,11241
1995,2765,700,797,0.07499764750164675,10627
1995,2777,700,138,0.012276487856952229,11241
1995,2765,801,34,0.003199397760421568,10627
1995,2777,801,2,1.7792011386887289e-4,11241
1995,2765,1002,27,0.0025406982215112448,10627
1995,2777,1002,48,0.004270082732852949,11241
1995,2765,1200,330,0.031052978262915216,10627
1995,2777,1200,537,0.04777155057379237,11241
1995,2777,1208,7,6.227203985410551e-4,11241
1995,2777,1300,22,0.0019571212525576016,11241
1995,2765,1302,66,0.006210595652583043,10627
1995,2777,1302,98,0.00871808557957477,11241
1995,2765,1303,95,0.00893949374235438,10627
1995,2777,1303,155,0.013788808824837647,11241
1995,2765,1308,59,0.00555189611367272,10627
1995,2777,1308,24,0.0021350413664264745,11241
1995,2765,1399,188,0.01769078761644867,10627
1995,2777,1399,176,0.015656970020460813,11241
1995,2765,1400,89,0.008374894137574104,10627
1995,2777,1400,257,0.022862734632150165,11241
1995,2765,1599,1,9.409993413004611e-5,10627
1995,2777,1599,1,8.896005693443644e-5,11241
1995,2765,1605,13,0.0012232991436905995,10627
1995,2777,1605,9,8.006405124099279e-4,11241
1995,2777,1707,1,8.896005693443644e-5,11241
1995,2765,1900,278,0.02615978168815282,10627
1995,2777,1900,343,0.030513299528511697,11241
1995,2765,1908,88,0.008280794203444058,10627
1995,2777,1908,69,0.006138243928476114,11241
1995,2765,1910,46,0.004328596969982121,10627
1995,2777,1910,16,0.001423360910950983,11241
1995,2777,1920,7,6.227203985410551e-4,11241
1995,2777,2002,12,0.0010675206832132373,11241
1995,2765,2500,178,0.016749788275148208,10627
1995,2777,2500,376,0.0334489814073481,11241
1996,2894,99,264,0.019400352733686066,13608
1996,2894,100,410,0.03012933568489124,13608
1996,2894,101,62,0.004556143445032334,13608
1996,2894,103,9561,0.7026014109347443,13608
1996,2894,105,227,0.016681363903586127,13608
1996,2894,107,331,0.02432392710170488,13608
1996,2894,200,252,0.018518518518518517,13608
1996,2894,209,52,0.003821281599059377,13608
1996,2894,230,598,0.043944738389182836,13608
1996,2894,300,77,0.00565843621399177,13608
1996,2894,405,13,9.553203997648442e-4,13608
1996,2894,500,58,0.004262198706643151,13608
1996,2894,700,250,0.018371546149323927,13608
1996,2894,801,3,2.204585537918871e-4,13608
1996,2894,1002,9,6.613756613756613e-4,13608
1996,2894,1200,193,0.014182833627278072,13608
1996,2894,1208,18,0.0013227513227513227,13608
1996,2894,1302,332,0.024397413286302176,13608
1996,2894,1303,334,0.024544385655496766,13608
1996,2894,1308,31,0.002278071722516167,13608
1996,2894,1399,211,0.015505584950029395,13608
1996,2894,1400,51,0.003747795414462081,13608
1996,2894,1599,3,2.204585537918871e-4,13608
1996,2894,1900,140,0.0102880658436214,13608
1996,2894,1908,15,0.0011022927689594356,13608
1996,2894,1910,25,0.0018371546149323927,13608
1996,2894,2500,88,0.006466784244562022,13608
1997,3045,99,195,0.014166363966581911,13765
1997,3045,100,292,0.021213221939702143,13765
1997,3045,101,58,0.00421358517980385,13765
1997,3045,103,10317,0.7495096258626952,13765
1997,3045,105,171,0.012422811478387214,13765
1997,3045,107,378,0.02746095168906647,13765
1997,3045,200,430,0.03123864874682165,13765
1997,3045,209,33,0.002397384671267708,13765
1997,3045,230,394,0.028623320014529604,13765
1997,3045,300,86,0.00624772974936433,13765
1997,3045,405,2,1.4529604068289138e-4,13765
1997,3045,500,41,0.0029785688339992737,13765
1997,3045,601,6,4.3588812204867417e-4,13765
1997,3045,699,4,2.9059208136578276e-4,13765
1997,3045,700,132,0.009589538685070832,13765
1997,3045,801,2,1.4529604068289138e-4,13765
1997,3045,805,4,2.9059208136578276e-4,13765
1997,3045,1002,13,9.44424264438794e-4,13765
1997,3045,1200,200,0.01452960406828914,13765
1997,3045,1208,92,0.006683617871413004,13765
1997,3045,1302,125,0.009081002542680712,13765
1997,3045,1303,400,0.02905920813657828,13765
1997,3045,1399,119,0.0086451144206320385,13765
1997,3045,1400,14,0.0010170722847802397,13765
1997,3045,1900,79,0.00573919360697421,13765
1997,3045,1908,1,7.264802034144569e-5,13765
1997,3045,1910,131,0.009516890664729386,13765
1997,3045,2500,46,0.003341808935706502,13765
1998,3160,99,134,0.0076492750313962785,17518
1998,3160,100,317,0.018095673022034478,17518
1998,3160,101,38,0.0021691973969631237,17518
1998,3160,103,14220,0.811736499600411,17518
1998,3160,105,61,0.003482132663546067,17518
1998,3160,107,244,0.013928530654184267,17518
1998,3160,200,627,0.03579175704989154,17518
1998,3160,209,59,0.0033679643794953763,17518
1998,3160,230,525,0.029969174563306313,17518
1998,3160,300,63,0.0035963009475967578,17518
1998,3160,500,24,0.0013700194086082886,17518
1998,3160,601,29,0.0016554401187350155,17518
1998,3160,699,1,5.708414202534536e-5,17518
1998,3160,700,163,0.009304715150131293,17518
1998,3160,801,10,5.708414202534536e-4,17518
1998,3160,1002,12,6.850097043041443e-4,17518
1998,3160,1200,271,0.015469802488868593,17518
1998,3160,1208,131,0.007478022605320242,17518
1998,3160,1302,87,0.004966320356205046,17518
1998,3160,1303,156,0.008905126155953876,17518
1998,3160,1400,12,6.850097043041443e-4,17518
1998,3160,1599,1,5.708414202534536e-5,17518
1998,3160,1900,86,0.004909236214179701,17518
1998,3160,1908,2,1.1416828405069072e-4,17518
1998,3160,1910,184,0.010503482132663547,17518
1998,3160,1920,3,1.7125242607603607e-4,17518
1998,3160,2011,28,0.00159835597670967,17518
1998,3160,2500,30,0.0017125242607603608,17518
1999,3261,99,146,0.012194103399315126,11973
1999,3262,99,137,0.011452934291924427,11962
1999,3261,100,316,0.026392716946462873,11973
1999,3262,100,288,0.024076241431198797,11962
1999,3261,101,44,0.0036749352710264763,11973
1999,3262,101,50,0.004179903026249791,11962
1999,3261,103,7420,0.6197277207049194,11973
1999,3262,103,8405,0.7026416987125899,11962
1999,3261,105,170,0.01419861354714775,11973
1999,3262,105,60,0.005015883631499749,11962
1999,3261,107,373,0.031153428547565355,11973
1999,3262,107,192,0.016050827620799197,11962
1999,3261,200,713,0.05955065564186085,11973
1999,3262,200,433,0.03619796020732319,11962
1999,3261,209,41,0.0034243715025473985,11973
1999,3262,209,29,0.002424343755224879,11962
1999,3261,230,600,0.05011275369581558,11973
1999,3262,230,370,0.030931282394248454,11962
1999,3261,300,84,0.007015785517414182,11973
1999,3262,300,75,0.0062698545393746865,11962
1999,3261,500,33,0.002756201453269857,11973
1999,3262,500,28,0.002340745694699883,11962
1999,3261,505,50,0.004176062807984632,11973
1999,3262,505,11,9.19578665774954e-4,11962
1999,3261,601,3,2.5056376847907793e-4,11973
1999,3262,601,3,2.5079418157498745e-4,11962
1999,3261,602,36,0.003006765221748935,11973
1999,3262,602,14,0.0011703728473499416,11962
1999,3261,700,130,0.010857763300760043,11973
1999,3262,700,76,0.006353452599899682,11962
1999,3261,801,32,0.0026726801971101643,11973
1999,3262,801,16,0.001337568968399933,11962
1999,3261,1002,12,0.0010022550739163117,11973
1999,3262,1002,23,0.001922755392074904,11962
1999,3261,1200,172,0.014365656059467134,11973
1999,3262,1200,174,0.014546062531349272,11962
1999,3261,1208,102,0.00851916812828865,11973
1999,3262,1208,82,0.006855040963049657,11962
1999,3261,1302,62,0.005178317881900944,11973
1999,3262,1302,77,0.006437050660424678,11962
1999,3261,1303,400,0.033408502463877054,11973
1999,3262,1303,243,0.020314328707573985,11962
1999,3261,1400,10,8.352125615969264e-4,11973
1999,3262,1400,12,0.0010031767262999498,11962
1999,3261,1599,4,3.3408502463877054e-4,11973
1999,3262,1599,2,1.6719612104999163e-4,11962
1999,3261,1900,129,0.010774242044600351,11973
1999,3262,1900,306,0.025581006520648722,11962
1999,3261,1908,499,0.04167710682368663,11973
1999,3262,1908,454,0.0379535194783481,11962
1999,3261,1910,78,0.006514657980456026,11973
1999,3262,1910,60,0.005015883631499749,11962
1999,3261,1920,80,0.006681700492775411,11973
1999,3262,1920,77,0.006437050660424678,11962
1999,3261,2011,204,0.0170383362565773,11973
1999,3262,2011,129,0.01078414980772446,11962
1999,3261,2500,30,0.0025056376847907794,11973
1999,3262,2500,136,0.011369336231399432,11962
2000,3425,99,191,0.01694915254237288,11269
2000,3426,99,153,0.01485148514851485,10302
2000,3425,100,258,0.02289466678498536,11269
2000,3426,100,229,0.022228693457581054,10302
2000,3425,101,101,0.008962640873191943,11269
2000,3426,101,89,0.008639099204038051,10302
2000,3425,103,4742,0.420800425947289,11269
2000,3426,103,6201,0.6019219569015725,10302
2000,3425,105,73,0.006477948353891206,11269
2000,3426,105,21,0.0020384391380314504,10302
2000,3425,107,923,0.08190611411837785,11269
2000,3426,107,550,0.053387691710347504,10302
2000,3425,200,944,0.08376963350785341,11269
2000,3426,200,529,0.051349252572316054,10302
2000,3425,209,730,0.06477948353891207,11269
2000,3426,209,489,0.04746651135701806,10302
2000,3425,230,671,0.05954388144467122,11269
2000,3426,230,270,0.026208503203261502,10302
2000,3425,300,91,0.008075250687727393,11269
2000,3426,300,55,0.005338769171034751,10302
2000,3425,405,103,0.009140118910284852,11269
2000,3426,405,37,0.0035915356241506503,10302
2000,3425,500,16,0.001419824296743278,11269
2000,3426,500,37,0.0035915356241506503,10302
2000,3425,505,1,8.873901854645488e-5,11269
2000,3425,602,105,0.009317596947377762,11269
2000,3426,602,41,0.0039798097456804505,10302
2000,3425,700,191,0.01694915254237288,11269
2000,3426,700,96,0.009318578916715201,10302
2000,3425,801,33,0.002928387612033011,11269
2000,3426,801,5,4.8534265191225003e-4,10302
2000,3425,1002,28,0.0024846925193007367,11269
2000,3426,1002,21,0.0020384391380314504,10302
2000,3425,1200,209,0.018546454876209068,11269
2000,3426,1200,217,0.02106387109299165,10302
2000,3425,1208,126,0.011181116336853314,11269
2000,3426,1208,101,0.00980392156862745,10302
2000,3425,1302,30,0.002662170556393646,11269
2000,3426,1302,39,0.0037856726849155504,10302
2000,3425,1303,663,0.05883396929629958,11269
2000,3426,1303,309,0.029994175888177054,10302
2000,3425,1400,5,4.4369509273227436e-4,11269
2000,3426,1400,10,9.706853038245001e-4,10302
2000,3425,1599,1,8.873901854645488e-5,11269
2000,3426,1599,1,9.706853038245001e-5,10302
2000,3425,1900,111,0.009850031058656492,11269
2000,3426,1900,172,0.0166957872257814,10302
2000,3425,1908,1,8.873901854645488e-5,11269
2000,3425,1910,31,0.0027509095749401013,11269
2000,3426,1910,16,0.0015530964861192001,10302
2000,3425,1920,4,3.549560741858195e-4,11269
2000,3426,1920,1,9.706853038245001e-5,10302
2000,3425,2010,657,0.058301535185020854,11269
2000,3426,2010,322,0.031256066783148906,10302
2000,3425,2011,81,0.007187860502262845,11269
2000,3426,2011,42,0.004076878276062901,10302
2000,3425,2500,149,0.013222113763421776,11269
2000,3426,2500,249,0.024170064065230052,10302
2001,3554,99,167,0.014794472005669738,11288
2001,3555,99,111,0.01068334937439846,10390
2001,3554,100,489,0.043320340184266476,11288
2001,3555,100,375,0.03609239653512993,10390
2001,3554,101,111,0.009833451452870305,11288
2001,3555,101,96,0.009239653512993263,10390
2001,3554,103,4275,0.3787207654145996,11288
2001,3555,103,5993,0.5768046198267565,10390
2001,3554,105,36,0.0031892274982282067,11288
2001,3555,105,17,0.0016361886429258903,10390
2001,3554,107,256,0.022678951098511695,11288
2001,3555,107,128,0.01231953801732435,10390
2001,3554,200,658,0.05829199149539334,11288
2001,3555,200,395,0.03801732435033686,10390
2001,3554,209,416,0.0368532955350815,11288
2001,3555,209,259,0.02492781520692974,10390
2001,3554,230,467,0.04137136782423813,11288
2001,3555,230,169,0.016265640038498556,10390
2001,3554,300,129,0.011428065201984408,11288
2001,3555,300,53,0.005101058710298364,10390
2001,3554,403,97,0.008593196314670447,11288
2001,3555,403,24,0.0023099133782483157,10390
2001,3554,405,1283,0.11366052445074415,11288
2001,3555,405,607,0.05842155919153032,10390
2001,3554,500,31,0.0027462792345854005,11288
2001,3555,500,34,0.0032723772858517805,10390
2001,3554,602,124,0.010985116938341602,11288
2001,3555,602,60,0.005774783445620789,10390
2001,3554,700,177,0.01568036853295535,11288
2001,3555,700,54,0.00519730510105871,10390
2001,3554,801,37,0.003277817150956768,11288
2001,3555,801,9,8.662175168431184e-4,10390
2001,3554,1002,21,0.0018603827072997874,11288
2001,3555,1002,8,7.699711260827719e-4,10390
2001,3554,1200,431,0.038182140326009924,11288
2001,3555,1200,254,0.02444658325312801,10390
2001,3554,1208,163,0.014440113394755493,11288
2001,3555,1208,92,0.008854667949951878,10390
2001,3554,1302,39,0.0034549964564138907,11288
2001,3555,1302,27,0.002598652550529355,10390
2001,3554,1303,414,0.03667611622962438,11288
2001,3555,1303,163,0.015688161693936477,10390
2001,3554,1400,5,4.429482636428065e-4,11288
2001,3555,1400,4,3.8498556304138594e-4,10390
2001,3554,1599,2,1.7717930545712261e-4,11288
2001,3555,1599,2,1.9249278152069297e-4,10390
2001,3554,1602,333,0.029500354358610915,11288
2001,3555,1602,225,0.02165543792107796,10390
2001,3554,1798,11,9.744861800141744e-4,11288
2001,3555,1798,1,9.624639076034648e-5,10390
2001,3554,1900,217,0.019223954642097803,11288
2001,3555,1900,308,0.02964388835418672,10390
2001,3554,1908,6,5.315379163713678e-4,11288
2001,3555,1908,1,9.624639076034648e-5,10390
2001,3554,1910,174,0.015414599574769667,11288
2001,3555,1910,182,0.01751684311838306,10390
2001,3554,1920,3,2.657689581856839e-4,11288
2001,3555,1920,1,9.624639076034648e-5,10390
2001,3554,1927,640,0.05669737774627923,11288
2001,3555,1927,542,0.0521655437921078,10390
2001,3554,2010,13,0.001151665485471297,11288
2001,3555,2010,13,0.0012512030798845044,10390
2001,3554,2011,10,8.85896527285613e-4,11288
2001,3555,2011,7,6.737247353224255e-4,10390
2001,3554,2400,23,0.00203756201275691,11288
2001,3555,2400,11,0.0010587102983638113,10390
2001,3554,2500,30,0.002657689581856839,11288
2001,3555,2500,165,0.01588065447545717,10390
2002,3849,99,194,0.015092578185778745,12854
2002,3850,99,111,0.009777151413723244,11353
2002,3849,100,1034,0.08044188579430528,12854
2002,3850,100,622,0.05478728089491764,11353
2002,3849,101,300,0.023339038431616617,12854
2002,3850,101,228,0.02008279749845856,11353
2002,3849,103,7913,0.6156060370312744,12854
2002,3850,103,8097,0.7132035585307848,11353
2002,3849,105,124,0.009646802551734869,12854
2002,3850,105,57,0.00502069937461464,11353
2002,3849,107,281,0.021860899330947564,12854
2002,3850,107,147,0.012948119439795649,11353
2002,3849,200,705,0.05484674031429905,12854
2002,3850,200,459,0.040429842332423145,11353
2002,3849,201,5,3.8898397386027695e-4,12854
2002,3850,201,1,8.808244516867788e-5,11353
2002,3849,209,50,0.0038898397386027696,12854
2002,3850,209,17,0.001497401567867524,11353
2002,3849,230,364,0.028318033297028162,12854
2002,3850,230,99,0.00872016207169911,11353
2002,3849,300,84,0.006534930760852653,12854
2002,3850,300,44,0.003875627587421827,11353
2002,3849,400,13,0.0010113583320367201,12854
2002,3850,400,4,3.5232978067471153e-4,11353
2002,3849,403,1,7.779679477205539e-5,12854
2002,3850,403,1,8.808244516867788e-5,11353
2002,3849,405,1,7.779679477205539e-5,12854
2002,3849,500,26,0.0020227166640734403,12854
2002,3850,500,32,0.0028186382453976922,11353
2002,3849,599,19,0.0014781391006690524,12854
2002,3850,599,18,0.001585484013036202,11353
2002,3849,602,210,0.016337326902131633,12854
2002,3850,602,87,0.007663172729674976,11353
2002,3849,700,115,0.00894663139878637,12854
2002,3850,700,35,0.0030828855809037258,11353
2002,3849,799,246,0.019138011513925628,12854
2002,3850,799,353,0.03109310314454329,11353
2002,3849,801,5,3.8898397386027695e-4,12854
2002,3849,1002,11,8.557647424926093e-4,12854
2002,3850,1002,9,7.92742006518101e-4,11353
2002,3849,1200,172,0.013381048700793527,12854
2002,3850,1200,101,0.008896326962036466,11353
2002,3849,1208,169,0.013147658316477361,12854
2002,3850,1208,99,0.00872016207169911,11353
2002,3849,1302,45,0.0035008557647424926,12854
2002,3850,1302,31,0.0027305558002290145,11353
2002,3849,1303,161,0.012525283958300918,12854
2002,3850,1303,99,0.00872016207169911,11353
2002,3849,1400,7,5.445775634043878e-4,12854
2002,3850,1400,1,8.808244516867788e-5,11353
2002,3849,1507,1,7.779679477205539e-5,12854
2002,3849,1602,49,0.003812042943830714,12854
2002,3850,1602,32,0.0028186382453976922,11353
2002,3849,1707,7,5.445775634043878e-4,12854
2002,3850,1707,5,4.404122258433894e-4,11353
2002,3849,1900,179,0.013925626264197915,12854
2002,3850,1900,228,0.02008279749845856,11353
2002,3849,1908,1,7.779679477205539e-5,12854
2002,3850,1908,1,8.808244516867788e-5,11353
2002,3849,1910,168,0.013069861521705306,12854
2002,3850,1910,135,0.011891130097771515,11353
2002,3849,1916,2,1.5559358954411078e-4,12854
2002,3849,1920,52,0.0040454333281468805,12854
2002,3850,1920,54,0.004756452039108606,11353
2002,3849,1927,84,0.006534930760852653,12854
2002,3850,1927,36,0.003170968026072404,11353
2002,3849,2010,41,0.003189668585654271,12854
2002,3850,2010,7,6.165771161807451e-4,11353
2002,3849,2500,15,0.0011669519215808308,12854
2002,3850,2500,103,0.009072491852373821,11353
2003,4003,99,183,0.014839442101848848,12332
2003,4004,99,374,0.021047892396870955,17769
2003,4003,100,934,0.0757379176127149,12332
2003,4004,100,1723,0.09696662727221565,17769
2003,4003,101,172,0.013947453778786896,12332
2003,4004,101,382,0.021498114694130228,17769
2003,4003,103,7967,0.6460428154395069,12332
2003,4004,103,10213,0.5747650402386179,17769
2003,4003,105,118,0.009568602011028219,12332
2003,4004,105,319,0.01795261410321346,17769
2003,4003,107,237,0.019218293869607526,12332
2003,4004,107,508,0.028589115875963758,17769
2003,4003,200,608,0.04930262731106066,12332
2003,4004,200,1110,0.06246834374472396,17769
2003,4003,201,1,8.10898475510866e-5,12332
2003,4003,209,6,4.8653908530651963e-4,12332
2003,4004,209,16,9.004445945185436e-4,17769
2003,4003,230,35,0.002838144664288031,12332
2003,4004,230,132,0.007428667904777984,17769
2003,4003,300,257,0.020840090820629258,12332
2003,4004,300,393,0.022117170352861724,17769
2003,4003,331,1,8.10898475510866e-5,12332
2003,4004,331,6,3.3766672294445384e-4,17769
2003,4004,400,5,2.8138893578704484e-4,17769
2003,4003,500,15,0.001216347713266299,12332
2003,4004,500,30,0.0016883336147222692,17769
2003,4003,504,6,4.8653908530651963e-4,12332
2003,4004,504,11,6.190556587314987e-4,17769
2003,4003,602,62,0.0050275705481673694,12332
2003,4004,602,142,0.007991445776352074,17769
2003,4003,700,14,0.0011352578657152124,12332
2003,4004,700,43,0.0024199448477685856,17769
2003,4003,799,1,8.10898475510866e-5,12332
2003,4004,801,1,5.6277787157408974e-5,17769
2003,4003,1002,6,4.8653908530651963e-4,12332
2003,4004,1002,9,5.065000844166807e-4,17769
2003,4003,1200,31,0.0025137852740836847,12332
2003,4004,1200,49,0.0027576115707130394,17769
2003,4003,1208,77,0.006243918261433668,12332
2003,4004,1208,123,0.006922167820361303,17769
2003,4003,1302,151,0.012244566980214077,12332
2003,4004,1302,286,0.016095447127018967,17769
2003,4003,1303,363,0.029435614661044437,12332
2003,4004,1303,655,0.036861950588102876,17769
2003,4003,1400,1,8.10898475510866e-5,12332
2003,4004,1400,3,1.6883336147222692e-4,17769
2003,4003,1602,4,3.243593902043464e-4,12332
2003,4004,1602,5,2.8138893578704484e-4,17769
2003,4003,1900,212,0.01719104768083036,12332
2003,4004,1900,153,0.008610501435083573,17769
2003,4004,1908,1,5.6277787157408974e-5,17769
2003,4004,1910,2,1.1255557431481795e-4,17769
2003,4003,1916,7,5.676289328576062e-4,12332
2003,4004,1916,15,8.441668073611346e-4,17769
2003,4003,1920,646,0.052384041518001946,12332
2003,4004,1920,728,0.04097022905059373,17769
2003,4003,1927,16,0.0012974375608173856,12332
2003,4004,1927,11,6.190556587314987e-4,17769
2003,4003,2011,164,0.013298734998378203,12332
2003,4004,2011,312,0.0175586695931116,17769
2003,4003,2500,37,0.003000324359390204,12332
2003,4004,2500,9,5.065000844166807e-4,17769
2004,4223,99,221,0.018204283360790774,12140
2004,4224,99,455,0.025767357571638918,17658
2004,4223,100,822,0.067710049423393745,12140
2004,4224,100,1517,0.08591006909049723,17658
2004,4223,101,197,0.016227347611202637,12140
2004,4224,101,407,0.023049042926718766,17658
2004,4223,103,1609,0.13253706754530478,12140
2004,4224,103,1955,0.11071469022539358,17658
2004,4223,105,102,0.008401976935749587,12140
2004,4224,105,314,0.017782308302185978,17658
2004,4223,107,93,0.007660626029654036,12140
2004,4224,107,332,0.018801676294031035,17658
2004,4223,200,614,0.05057660626029654,12140
2004,4224,200,1214,0.06875070789443878,17658
2004,4224,207,4,2.2652622041001246e-4,17658
2004,4223,209,19,0.0015650741350906096,12140
2004,4224,209,41,0.0023218937592026276,17658
2004,4223,230,64,0.005271828665568369,12140
2004,4224,230,256,0.014497678106240797,17658
2004,4223,300,404,0.03327841845140033,12140
2004,4224,300,558,0.03160040774719674,17658
2004,4224,400,5,2.8315777551251556e-4,17658
2004,4223,500,6564,0.5406919275123558,12140
2004,4224,500,8479,0.4801789557141239,17658
2004,4223,504,1,8.237232289950576e-5,12140
2004,4224,504,3,1.6989466530750936e-4,17658
2004,4223,602,124,0.010214168039538715,12140
2004,4224,602,200,0.011326311020500622,17658
2004,4223,700,7,5.766062602965404e-4,12140
2004,4224,700,34,0.001925472873485106,17658
2004,4223,801,3,2.471169686985173e-4,12140
2004,4224,801,10,5.663155510250311e-4,17658
2004,4223,1002,5,4.1186161449752884e-4,12140
2004,4224,1002,14,7.928417714350436e-4,17658
2004,4223,1200,56,0.004612850082372323,12140
2004,4224,1200,77,0.00436062974289274,17658
2004,4223,1208,80,0.006589785831960461,12140
2004,4224,1208,175,0.009910522142938045,17658
2004,4223,1302,511,0.04209225700164745,12140
2004,4224,1302,430,0.02435156869407634,17658
2004,4223,1303,258,0.021252059308072488,12140
2004,4224,1303,521,0.029505040208404124,17658
2004,4223,1400,1,8.237232289950576e-5,12140
2004,4224,1400,3,1.6989466530750936e-4,17658
2004,4223,1507,1,8.237232289950576e-5,12140
2004,4224,1507,4,2.2652622041001246e-4,17658
2004,4223,1900,81,0.006672158154859967,12140
2004,4224,1900,63,0.003567787971457696,17658
2004,4223,1910,8,6.589785831960461e-4,12140
2004,4224,1910,24,0.0013591573224600749,17658
2004,4224,1916,1,5.6631555102503115e-5,17658
2004,4224,1919,2,1.1326311020500623e-4,17658
2004,4223,1920,9,7.413509060955519e-4,12140
2004,4224,1920,22,0.0012458942122550686,17658
2004,4223,1927,26,0.00214168039538715,12140
2004,4224,1927,61,0.00345452486125269,17658
2004,4223,2002,18,0.0014827018121911038,12140
2004,4224,2002,27,0.0015290519877675841,17658
2004,4223,2011,232,0.019110378912685338,12140
2004,4224,2011,425,0.024068410918563824,17658
2004,4223,2099,3,2.471169686985173e-4,12140
2004,4224,2099,19,0.001075999546947559,17658
2004,4223,2500,7,5.766062602965404e-4,12140
2004,4224,2500,6,3.397893306150187e-4,17658
2005,4258,99,269,0.016347614706776054,16455
2005,4259,99,542,0.022620090981177746,23961
2005,4258,100,880,0.053479185657854755,16455
2005,4259,100,1452,0.06059847251784149,23961
2005,4258,101,200,0.012154360376785172,16455
2005,4259,101,422,0.017611952756562747,23961
2005,4258,103,12631,0.7676086295958675,16455
2005,4259,103,17346,0.7239263803680982,23961
2005,4258,105,125,0.007596475235490732,16455
2005,4259,105,371,0.015483494011101374,23961
2005,4258,107,91,0.005530233971437253,16455
2005,4259,107,234,0.00976586953799925,23961
2005,4258,200,705,0.04284412032816773,16455
2005,4259,200,1191,0.04970577187930387,23961
2005,4258,207,1,6.0771801883925856e-5,16455
2005,4258,209,19,0.0011546642357945912,16455
2005,4259,209,20,8.346897041024999e-4,23961
2005,4258,230,48,0.0029170464904284413,16455
2005,4259,230,171,0.0071365969700763745,23961
2005,4258,300,95,0.005773321178972957,16455
2005,4259,300,112,0.004674262342973999,23961
2005,4258,331,4,2.4308720753570342e-4,16455
2005,4259,331,5,2.0867242602562499e-4,23961
2005,4259,400,6,2.5040691123075e-4,23961
2005,4258,403,1,6.0771801883925856e-5,16455
2005,4259,403,1,4.1734485205125e-5,23961
2005,4258,500,31,0.0018839258584017016,16455
2005,4259,500,61,0.0025458035975126246,23961
2005,4259,504,5,2.0867242602562499e-4,23961
2005,4258,602,99,0.00601640838650866,16455
2005,4259,602,235,0.009807604023204373,23961
2005,4258,801,23,0.0013977514433302948,16455
2005,4259,801,64,0.002671007053128,23961
2005,4258,1002,4,2.4308720753570342e-4,16455
2005,4259,1002,9,3.7561036684612495e-4,23961
2005,4258,1200,32,0.0019446976602856274,16455
2005,4259,1200,49,0.002044989775051125,23961
2005,4258,1208,101,0.006137951990276512,16455
2005,4259,1208,224,0.009348524685947998,23961
2005,4258,1302,317,0.019264661197204498,16455
2005,4259,1302,266,0.011101373064563248,23961
2005,4258,1303,193,0.01172895776359769,16455
2005,4259,1303,353,0.014732273277409122,23961
2005,4258,1400,1,6.0771801883925856e-5,16455
2005,4259,1400,1,4.1734485205125e-5,23961
2005,4258,1900,76,0.004618656943178365,16455
2005,4259,1900,50,0.0020867242602562496,23961
2005,4258,1910,8,4.8617441507140685e-4,16455
2005,4259,1910,14,5.842827928717499e-4,23961
2005,4258,1919,14,8.50805226374962e-4,16455
2005,4259,1919,25,0.0010433621301281248,23961
2005,4258,1920,3,1.8231540565177758e-4,16455
2005,4259,1920,6,2.5040691123075e-4,23961
2005,4258,1927,5,3.0385900941962927e-4,16455
2005,4259,1927,14,5.842827928717499e-4,23961
2005,4258,1929,1,6.0771801883925856e-5,16455
2005,4259,1929,2,8.346897041025e-5,23961
2005,4258,2002,47,0.0028562746885445155,16455
2005,4259,2002,55,0.0022953966862818745,23961
2005,4258,2011,73,0.004436341537526587,16455
2005,4259,2011,150,0.00626017278076875,23961
2005,4258,2012,358,0.021756305074445457,16455
2005,4259,2012,505,0.021075915028588122,23961
2006,4550,99,334,0.028895233151656718,11559
2006,4551,99,189,0.011367737278960665,16626
2006,4550,100,510,0.044121463794445884,11559
2006,4551,100,747,0.044929628293035005,16626
2006,4550,101,188,0.01626438273207025,11559
2006,4551,101,308,0.018525201491639602,16626
2006,4550,105,70,0.0060558871874729645,11559
2006,4551,105,216,0.012991699747383616,16626
2006,4550,107,181,0.01565879401332295,11559
2006,4551,107,360,0.021652832912306026,16626
2006,4550,200,412,0.03564322173198373,11559
2006,4551,200,751,0.04517021532539396,16626
2006,4550,207,7,6.055887187472965e-4,11559
2006,4551,207,21,0.0012630819198845183,16626
2006,4550,209,28,0.002422354874989186,11559
2006,4551,209,29,0.0017442559846024299,16626
2006,4550,230,85,0.007353577299074314,11559
2006,4551,230,292,0.017562853362203777,16626
2006,4550,300,395,0.034172506272168876,11559
2006,4551,300,909,0.054673403103572715,16626
2006,4550,331,16,0.0013842027857081062,11559
2006,4551,331,38,0.0022855768074100807,16626
2006,4550,400,2,1.7302534821351327e-4,11559
2006,4551,400,1,6.014675808973896e-5,16626
2006,4550,403,1,8.651267410675664e-5,11559
2006,4551,403,5,3.007337904486948e-4,16626
2006,4550,500,8182,0.7078466995414828,11559
2006,4551,500,10789,0.6489233730301937,16626
2006,4550,504,3,2.595380223202699e-4,11559
2006,4551,504,16,9.623481294358234e-4,16626
2006,4550,602,155,0.01340946448654728,11559
2006,4551,602,278,0.01672079874894743,16626
2006,4550,700,5,4.325633705337832e-4,11559
2006,4551,700,11,6.616143389871286e-4,16626
2006,4550,799,14,0.001211177437494593,11559
2006,4551,799,44,0.0026464573559485142,16626
2006,4550,801,2,1.7302534821351327e-4,11559
2006,4551,801,13,7.819078551666066e-4,16626
2006,4550,1002,5,4.325633705337832e-4,11559
2006,4551,1002,9,5.413208228076507e-4,16626
2006,4550,1200,48,0.004152608357124318,11559
2006,4551,1200,78,0.004691447130999639,16626
2006,4550,1208,181,0.01565879401332295,11559
2006,4551,1208,310,0.01864549500781908,16626
2006,4550,1302,124,0.010727571589237823,11559
2006,4551,1302,164,0.00986406832671719,16626
2006,4550,1303,204,0.017648585517778353,11559
2006,4551,1303,450,0.027066041140382534,16626
2006,4550,1400,5,4.325633705337832e-4,11559
2006,4551,1400,1,6.014675808973896e-5,16626
2006,4550,1602,19,0.001643740808028376,11559
2006,4551,1602,45,0.0027066041140382533,16626
2006,4550,1605,18,0.0015572281339216196,11559
2006,4551,1605,17,0.0010224948875255625,16626
2006,4550,1707,109,0.009429881477636473,11559
2006,4551,1707,184,0.01106700348851197,16626
2006,4550,1900,84,0.007267064624967558,11559
2006,4551,1900,80,0.004811740647179117,16626
2006,4550,1910,3,2.595380223202699e-4,11559
2006,4551,1910,6,3.6088054853843375e-4,16626
2006,4550,1920,14,0.001211177437494593,11559
2006,4551,1920,10,6.014675808973896e-4,16626
2006,4550,1927,27,0.0023358422008824295,11559
2006,4551,1927,39,0.0023457235654998194,16626
2006,4550,2002,41,0.003547019638377022,11559
2006,4551,2002,63,0.0037892457596535546,16626
2006,4550,2011,87,0.007526602647287828,11559
2006,4551,2011,153,0.009202453987730062,16626
2007,4802,99,680,0.057118857622847546,11905
2007,4803,99,484,0.02945293007971764,16433
2007,4802,100,622,0.052246955060898784,11905
2007,4803,100,1036,0.06304387512931296,16433
2007,4802,101,523,0.04393112137757245,11905
2007,4803,101,770,0.04685693421773261,16433
2007,4802,105,41,0.0034439311213775724,11905
2007,4803,105,166,0.01010162477940729,16433
2007,4802,107,130,0.010919781604367913,11905
2007,4803,107,366,0.022272257043753425,16433
2007,4802,200,513,0.043091138177236456,11905
2007,4803,200,867,0.052759690865940484,16433
2007,4802,207,2,1.6799664006719866e-4,11905
2007,4803,207,13,7.910910971824987e-4,16433
2007,4802,209,36,0.0030239395212095757,11905
2007,4803,209,51,0.003103511227408264,16433
2007,4802,230,82,0.006887862242755145,11905
2007,4803,230,345,0.02099434065599708,16433
2007,4802,300,293,0.024611507769844602,11905
2007,4803,300,545,0.03316497292034321,16433
2007,4802,331,4,3.359932801343973e-4,11905
2007,4803,331,32,0.0019473011622953812,16433
2007,4802,400,2,1.6799664006719866e-4,11905
2007,4803,400,8,4.868252905738453e-4,16433
2007,4802,500,7019,0.5895842083158337,11905
2007,4803,500,8032,0.4887725917361407,16433
2007,4802,504,71,0.005963880722385552,11905
2007,4803,504,115,0.006998113551999027,16433
2007,4802,602,191,0.016043679126417472,11905
2007,4803,602,499,0.030365727499543603,16433
2007,4802,700,274,0.023015539689206214,11905
2007,4803,700,817,0.049717032799853955,16433
2007,4802,799,3,2.51994960100798e-4,11905
2007,4803,799,19,0.0011562100651128827,16433
2007,4802,800,10,8.399832003359933e-4,11905
2007,4803,800,24,0.001460475871721536,16433
2007,4802,801,5,4.1999160016799666e-4,11905
2007,4803,801,30,0.0018255948396519199,16433
2007,4802,1002,7,5.879882402351952e-4,11905
2007,4803,1002,24,0.001460475871721536,16433
2007,4802,1200,121,0.010163796724065519,11905
2007,4803,1200,125,0.007606645165216333,16433
2007,4802,1208,348,0.029231415371692566,11905
2007,4803,1208,733,0.044605367248828576,16433
2007,4802,1302,169,0.014195716085678286,11905
2007,4803,1302,233,0.014178786587963245,16433
2007,4802,1303,342,0.02872742545149097,11905
2007,4803,1303,592,0.036025071502464555,16433
2007,4802,1400,1,8.399832003359933e-5,11905
2007,4803,1400,3,1.82559483965192e-4,16433
2007,4802,1602,42,0.003527929441411172,11905
2007,4803,1602,43,0.0026166859368344187,16433
2007,4803,1707,1,6.085316132173066e-5,16433
2007,4802,1900,114,0.009575808483830323,11905
2007,4803,1900,94,0.005720197164242683,16433
2007,4802,1910,6,5.03989920201596e-4,11905
2007,4803,1910,32,0.0019473011622953812,16433
2007,4802,1920,8,6.719865602687946e-4,11905
2007,4803,1920,8,4.868252905738453e-4,16433
2007,4802,1927,49,0.004115917681646367,11905
2007,4803,1927,119,0.007241526197285949,16433
2007,4802,2002,37,0.0031079378412431752,11905
2007,4803,2002,62,0.0037728960019473012,16433
2007,4802,2010,2,1.6799664006719866e-4,11905
2007,4803,2010,2,1.2170632264346132e-4,16433
2007,4802,2011,65,0.005459890802183957,11905
2007,4803,2011,118,0.007180673035964218,16433
2007,4802,2500,93,0.007811843763124738,11905
2007,4803,2500,25,0.0015213290330432666,16433
2008,5200,99,582,0.048552598648535915,11987
2008,5201,99,1148,0.06700910576698575,17132
2008,5200,100,1197,0.09985817969466923,11987
2008,5201,100,1874,0.10938594443147327,17132
2008,5200,101,1210,0.10094268791190457,11987
2008,5201,101,2003,0.11691571328508055,17132
2008,5200,105,45,0.0037540669058146324,11987
2008,5201,105,109,0.006362362829792202,17132
2008,5200,107,200,0.01668474180362059,11987
2008,5201,107,495,0.028893299089423303,17132
2008,5200,200,671,0.05597730875114708,11987
2008,5201,200,1190,0.06946065841699743,17132
2008,5200,207,1,8.342370901810294e-5,11987
2008,5201,207,5,2.918515059537707e-4,17132
2008,5200,209,33,0.002752982397597397,11987
2008,5201,209,26,0.0015176278309596077,17132
2008,5200,230,99,0.008258947192792191,11987
2008,5201,230,298,0.017394349754844735,17132
2008,5200,300,164,0.013681488278968883,11987
2008,5201,300,266,0.015526500116740602,17132
2008,5200,331,8,6.673896721448235e-4,11987
2008,5201,331,70,0.00408592108335279,17132
2008,5200,400,2,1.6684741803620588e-4,11987
2008,5201,400,60,0.0035022180714452487,17132
2008,5200,500,4722,0.3939267539834821,11987
2008,5201,500,4503,0.2628414662619659,17132
2008,5200,504,12,0.0010010845082172354,11987
2008,5201,504,21,0.001225776325005837,17132
2008,5200,505,260,0.021690164344706764,11987
2008,5201,505,296,0.017277609152463225,17132
2008,5200,602,276,0.02302494368899641,11987
2008,5201,602,682,0.039808545412094325,17132
2008,5200,700,142,0.011846166680570619,11987
2008,5201,700,359,0.020954938127480737,17132
2008,5200,801,3,2.5027112705430885e-4,11987
2008,5201,801,19,0.0011090357226243288,17132
2008,5200,1002,5,4.1711854509051473e-4,11987
2008,5201,1002,47,0.0027434041559654446,17132
2008,5200,1200,167,0.013931759406023193,11987
2008,5201,1200,239,0.01395050198459024,17132
2008,5200,1202,28,0.0023358638525068825,11987
2008,5201,1202,34,0.001984590240485641,17132
2008,5200,1208,277,0.023108367398014515,11987
2008,5201,1208,417,0.024340415596544478,17132
2008,5200,1302,124,0.010344539918244765,11987
2008,5201,1302,184,0.010740135419098762,17132
2008,5200,1303,344,0.028697755902227413,11987
2008,5201,1303,618,0.03607284613588606,17132
2008,5200,1500,10,8.342370901810295e-4,11987
2008,5201,1500,14,8.17184216670558e-4,17132
2008,5200,1602,44,0.0036706431967965295,11987
2008,5201,1602,39,0.0022764417464394117,17132
2008,5200,1900,99,0.008258947192792191,11987
2008,5201,1900,49,0.002860144758346953,17132
2008,5200,1906,1080,0.09009760573955118,11987
2008,5201,1906,1829,0.10675928087788933,17132
2008,5200,1908,3,2.5027112705430885e-4,11987
2008,5201,1908,4,2.3348120476301658e-4,17132
2008,5200,1910,5,4.1711854509051473e-4,11987
2008,5201,1910,8,4.6696240952603317e-4,17132
2008,5200,1920,3,2.5027112705430885e-4,11987
2008,5201,1920,10,5.837030119075414e-4,17132
2008,5200,1927,8,6.673896721448235e-4,11987
2008,5201,1927,10,5.837030119075414e-4,17132
2008,5200,2002,24,0.002002169016434471,11987
2008,5201,2002,30,0.0017511090357226243,17132
2008,5200,2011,61,0.0050888462501042795,11987
2008,5201,2011,101,0.0058954004202661685,17132
2008,5200,2500,78,0.00650704930341203,11987
2008,5201,2500,75,0.00437777258930656,17132
2009,5431,99,277,0.017982342248766554,15404
2009,5432,99,392,0.017145606438350173,22863
2009,5431,100,2775,0.18014801350298623,15404
2009,5432,100,5164,0.22586712155010277,22863
2009,5431,101,191,0.012399376785250583,15404
2009,5432,101,296,0.012946682412631763,22863
2009,5431,105,153,0.009932485068813295,15404
2009,5432,105,407,0.017801688317368673,22863
2009,5431,107,172,0.01116593092703194,15404
2009,5432,107,331,0.0144775401303416,22863
2009,5431,200,760,0.04933783432874578,15404
2009,5432,200,1190,0.052049162402134454,22863
2009,5431,207,4,2.5967281225655674e-4,15404
2009,5432,207,5,2.1869395967283382e-4,22863
2009,5431,209,42,0.0027265645286938455,15404
2009,5432,209,23,0.0010059922144950357,22863
2009,5431,230,77,0.004998701635938717,15404
2009,5432,230,229,0.01001618335301579,22863
2009,5431,300,221,0.01434692287717476,15404
2009,5432,300,365,0.01596465905611687,22863
2009,5431,331,16,0.001038691249026227,15404
2009,5432,331,22,9.622534225604689e-4,22863
2009,5431,400,8,5.193456245131135e-4,15404
2009,5432,400,20,8.747758386913353e-4,22863
2009,5431,500,6212,0.4032718774344326,15404
2009,5432,500,6941,0.30359095481782794,22863
2009,5432,504,1,4.3738791934566766e-5,22863
2009,5431,505,212,0.013762659049597507,15404
2009,5432,505,157,0.006866990333726983,22863
2009,5431,602,437,0.028369254739028824,15404
2009,5432,602,809,0.03538468267506451,22863
2009,5431,700,118,0.0076603479615684235,15404
2009,5432,700,309,0.013515286707781132,22863
2009,5431,801,15,9.737730459620878e-4,15404
2009,5432,801,44,0.0019245068451209377,22863
2009,5431,1002,12,7.790184367696703e-4,15404
2009,5432,1002,29,0.0012684249661024363,22863
2009,5431,1200,63,0.004089846793040769,15404
2009,5432,1200,116,0.005073699864409745,22863
2009,5431,1208,273,0.017722669436509998,15404
2009,5432,1208,389,0.017014390062546472,22863
2009,5431,1302,144,0.009348221241236042,15404
2009,5432,1302,152,0.0066482963740541485,22863
2009,5431,1303,197,0.01278888600363542,15404
2009,5432,1303,254,0.01110965315137996,22863
2009,5431,1500,23,0.0014931186704752013,15404
2009,5432,1500,52,0.002274417180597472,22863
2009,5431,1602,84,0.005453129057387691,15404
2009,5432,1602,74,0.0032366706031579408,22863
2009,5431,1707,4,2.5967281225655674e-4,15404
2009,5432,1707,8,3.4991033547653413e-4,22863
2009,5431,1802,535,0.03473123863931447,15404
2009,5432,1802,796,0.03481607837991515,22863
2009,5431,1900,122,0.007920020773824981,15404
2009,5432,1900,50,0.0021869395967283383,22863
2009,5431,1906,2054,0.1333419890937419,15404
2009,5432,1906,4081,0.17849800988496697,22863
2009,5431,1910,6,3.8950921838483513e-4,15404
2009,5432,1910,8,3.4991033547653413e-4,22863
2009,5431,1920,1,6.491820306413918e-5,15404
2009,5432,1920,2,8.747758386913353e-5,22863
2009,5431,1927,7,4.544274214489743e-4,15404
2009,5432,1927,16,6.998206709530683e-4,22863
2009,5431,2002,23,0.0014931186704752013,15404
2009,5432,2002,46,0.0020119844289900714,22863
2009,5431,2011,58,0.0037652557777200727,15404
2009,5432,2011,75,0.0032804093950925075,22863
2009,5431,2500,108,0.007011165930927032,15404
2009,5432,2500,10,4.3738791934566765e-4,22863
2010,5556,99,905,0.07146241313960834,12664
2010,5557,99,1320,0.07210356694160704,18307
2010,5556,100,1380,0.10897030953885029,12664
2010,5557,100,2231,0.12186595291418582,18307
2010,5556,101,188,0.014845230574857865,12664
2010,5557,101,279,0.015240072103566942,18307
2010,5556,105,430,0.03395451674036639,12664
2010,5557,105,1082,0.05910307532637789,18307
2010,5556,107,181,0.014292482627921668,12664
2010,5557,107,354,0.019336865679794615,18307
2010,5556,200,898,0.07090966519267214,12664
2010,5557,200,1514,0.08270060632544929,18307
2010,5556,207,2,1.5792798483891344e-4,12664
2010,5557,207,8,4.369913147976184e-4,18307
2010,5556,209,14,0.0011054958938723942,12664
2010,5557,209,11,6.008630578467253e-4,18307
2010,5556,230,361,0.02850600126342388,12664
2010,5557,230,877,0.047905172884688915,18307
2010,5556,300,366,0.02890082122552116,12664
2010,5557,300,610,0.0333205877533184,18307
2010,5556,331,26,0.002053063802905875,12664
2010,5557,331,28,0.0015294696017916643,18307
2010,5556,400,2,1.5792798483891344e-4,12664
2010,5557,400,5,2.731195717485115e-4,18307
2010,5556,500,4349,0.3434144030322173,12664
2010,5557,500,4484,0.24493363194406512,18307
2010,5556,504,3,2.3689197725837018e-4,12664
2010,5557,504,2,1.092478286994046e-4,18307
2010,5556,505,236,0.018635502210991788,12664
2010,5557,505,179,0.009777680668596711,18307
2010,5556,602,374,0.029532533164876817,12664
2010,5557,602,869,0.0474681815698913,18307
2010,5556,700,127,0.010028427037271005,12664
2010,5557,700,318,0.01737040476320533,18307
2010,5556,801,180,0.014213518635502211,12664
2010,5557,801,459,0.025072376686513357,18307
2010,5556,1002,33,0.002605811749842072,12664
2010,5557,1002,48,0.0026219478887857103,18307
2010,5556,1005,16,0.0012634238787113076,12664
2010,5557,1005,73,0.003987545747528268,18307
2010,5556,1200,58,0.00457991156032849,12664
2010,5557,1200,86,0.004697656634074398,18307
2010,5556,1207,18,0.001421351863550221,12664
2010,5557,1207,31,0.0016933413448407713,18307
2010,5556,1208,201,0.0158717624763108,12664
2010,5557,1208,352,0.01922761785109521,18307
2010,5556,1302,412,0.03253316487681617,12664
2010,5557,1302,562,0.030698639864532692,18307
2010,5556,1303,269,0.021241313960833858,12664
2010,5557,1303,345,0.018845250450647295,18307
2010,5557,1500,3,1.638717430491069e-4,18307
2010,5556,1602,194,0.015319014529374606,12664
2010,5557,1602,174,0.0095045610968482,18307
2010,5556,1900,96,0.007580543272267846,12664
2010,5557,1900,54,0.002949691374883924,18307
2010,5556,1906,587,0.0463518635502211,12664
2010,5557,1906,996,0.05440541869230349,18307
2010,5556,1910,234,0.018477574226152874,12664
2010,5557,1910,432,0.023597530999071394,18307
2010,5556,1919,4,3.158559696778269e-4,12664
2010,5557,1919,5,2.731195717485115e-4,18307
2010,5556,1920,1,7.896399241945672e-5,12664
2010,5557,1920,4,2.184956573988092e-4,18307
2010,5556,1927,30,0.002368919772583702,12664
2010,5557,1927,34,0.0018572130878898782,18307
2010,5556,2002,25,0.001974099810486418,12664
2010,5557,2002,20,0.001092478286994046,18307
2010,5556,2005,48,0.003790271636133923,12664
2010,5557,2005,41,0.0022395804883377944,18307
2010,5556,2011,310,0.024478837650031584,12664
2010,5557,2011,407,0.022231933140328838,18307
2010,5556,2500,106,0.008370183196462414,12664
2010,5557,2500,10,5.46239143497023e-4,18307
2011,5632,99,955,0.07604108607373199,12559
2011,5633,99,1558,0.08436670818216278,18467
2011,5632,100,836,0.06656580937972768,12559
2011,5633,100,1262,0.06833811664049386,18467
2011,5632,101,480,0.03821960347161398,12559
2011,5633,101,501,0.027129474197216657,18467
2011,5632,105,360,0.028664702603710488,12559
2011,5633,105,900,0.048735582390209566,18467
2011,5632,107,140,0.011147384345887412,12559
2011,5633,107,252,0.013645963069258677,18467
2011,5632,200,792,0.06306234572816306,12559
2011,5633,200,1241,0.06720095305138897,18467
2011,5632,207,4,3.1849669559678317e-4,12559
2011,5633,207,12,6.498077652027942e-4,18467
2011,5632,208,4,3.1849669559678317e-4,12559
2011,5633,208,7,3.790545297016299e-4,18467
2011,5632,209,98,0.007803169042121188,12559
2011,5633,209,88,0.004765256944820491,18467
2011,5632,230,138,0.010988135998089019,12559
2011,5633,230,462,0.025017598960307575,18467
2011,5632,300,198,0.015765586432040766,12559
2011,5633,300,308,0.016678399306871716,18467
2011,5632,400,193,0.015367465562544789,12559
2011,5633,400,283,0.015324633129365895,18467
2011,5632,500,2915,0.23210446691615574,12559
2011,5633,500,2472,0.1338603996317756,18467
2011,5632,504,4,3.1849669559678317e-4,12559
2011,5633,504,3,1.6245194130069855e-4,18467
2011,5632,505,317,0.02524086312604507,12559
2011,5633,505,295,0.01597444089456869,18467
2011,5632,602,391,0.031133051994585555,12559
2011,5633,602,761,0.041208642443277196,18467
2011,5632,700,210,0.01672107651883112,12559
2011,5633,700,570,0.030865868847132723,18467
2011,5632,801,692,0.05509992833824349,12559
2011,5633,801,1569,0.08496236530026534,18467
2011,5632,1002,36,0.002866470260371049,12559
2011,5633,1002,58,0.0031407375318135053,18467
2011,5632,1005,1,7.962417389919579e-5,12559
2011,5633,1005,52,0.002815833649212108,18467
2011,5632,1200,111,0.008838283302810734,12559
2011,5633,1200,114,0.006173173769426545,18467
2011,5632,1207,3,2.388725216975874e-4,12559
2011,5633,1207,19,0.0010288622949044242,18467
2011,5632,1208,208,0.016561828171032727,12559
2011,5633,1208,298,0.016136892835869387,18467
2011,5632,1302,309,0.0246038697348515,12559
2011,5633,1302,356,0.019277630367682895,18467
2011,5632,1303,249,0.019826419300899754,12559
2011,5633,1303,362,0.01960253425028429,18467
2011,5632,1602,88,0.00700692730312923,12559
2011,5633,1602,112,0.006064872475226079,18467
2011,5632,1900,116,0.009236404172306712,12559
2011,5633,1900,84,0.004548654356419559,18467
2011,5632,1906,579,0.04610239668763436,12559
2011,5633,1906,968,0.0524178263930254,18467
2011,5632,1910,1786,0.1422087745839637,12559
2011,5633,1910,3083,0.16694644501001787,18467
2011,5632,1920,12,9.554900867903496e-4,12559
2011,5633,1920,34,0.001841122001407917,18467
2011,5632,1927,36,0.002866470260371049,12559
2011,5633,1927,40,0.002166025884009314,18467
2011,5632,2010,15,0.001194362608487937,12559
2011,5633,2010,37,0.0020035739427086154,18467
2011,5632,2011,167,0.013297237041165698,12559
2011,5633,2011,293,0.015866139600368225,18467
2011,5632,2012,3,2.388725216975874e-4,12559
2011,5633,2012,6,3.249038826013971e-4,18467
2011,5632,2500,113,0.008997531650609125,12559
2011,5633,2500,7,3.790545297016299e-4,18467
2012,5641,99,737,0.027263983427049422,27032
2012,5641,100,9839,0.3639760284107724,27032
2012,5641,101,956,0.03536549274933412,27032
2012,5641,105,913,0.033774785439479135,27032
2012,5641,107,254,0.009396271086120154,27032
2012,5641,200,1572,0.05815329979283812,27032
2012,5641,207,31,0.0011467889908256881,27032
2012,5641,208,23,8.508434448061557e-4,27032
2012,5641,209,176,0.006510802012429713,27032
2012,5641,230,512,0.018940514945250075,27032
2012,5641,300,297,0.010986978395975141,27032
2012,5641,400,18,6.658774785439479e-4,27032
2012,5641,500,4262,0.1576649896419059,27032
2012,5641,504,11,4.0692512577685707e-4,27032
2012,5641,505,700,0.025895235276709085,27032
2012,5641,602,1004,0.03714116602545132,27032
2012,5641,700,782,0.028928677123409293,27032
2012,5641,801,126,0.004661142349807635,27032
2012,5641,1002,86,0.0031814146197099735,27032
2012,5641,1200,186,0.006880733944954129,27032
2012,5641,1207,4,1.479727730097662e-4,27032
2012,5641,1208,700,0.025895235276709085,27032
2012,5641,1302,234,0.008656407221071322,27032
2012,5641,1303,1476,0.054601953240603726,27032
2012,5641,1602,72,0.0026635099141757916,27032
2012,5641,1906,1367,0.0505696951760876,27032
2012,5641,1910,2,7.39863865048831e-5,27032
2012,5641,1920,31,0.0011467889908256881,27032
2012,5641,1927,11,4.0692512577685707e-4,27032
2012,5641,2010,387,0.01431636578869488,27032
2012,5641,2011,262,0.009692216632139686,27032
2012,5641,2012,1,3.699319325244155e-5,27032
2013,5677,99,4091,0.10227244318892027,40001
2013,5677,100,8753,0.2188195295117622,40001
2013,5677,101,692,0.01729956751081223,40001
2013,5677,105,903,0.022574435639109023,40001
2013,5677,107,689,0.017224569385765356,40001
2013,5677,200,1755,0.04387390315242119,40001
2013,5677,207,13,3.2499187520311994e-4,40001
2013,5677,208,315,0.007874803129921752,40001
2013,5677,209,170,0.004249893752656183,40001
2013,5677,210,16,3.9999000024999373e-4,40001
2013,5677,230,1171,0.02927426814329642,40001
2013,5677,300,529,0.013224669383265419,40001
2013,5677,400,140,0.0034999125021874453,40001
2013,5677,500,7094,0.17734556636084098,40001
2013,5677,504,7,1.7499562510937225e-4,40001
2013,5677,505,2181,0.05452363690907727,40001
2013,5677,602,1863,0.04657383565410865,40001
2013,5677,700,345,0.00862478438039049,40001
2013,5677,800,1142,0.028549286267843303,40001
2013,5677,801,114,0.0028499287517812053,40001
2013,5677,1003,256,0.0063998400039999,40001
2013,5677,1005,18,4.4998875028124297e-4,40001
2013,5677,1200,242,0.006049848753781156,40001
2013,5677,1207,2,4.999875003124922e-5,40001
2013,5677,1208,1342,0.03354916127096823,40001
2013,5677,1223,476,0.011899702507437314,40001
2013,5677,1302,323,0.008074798130046749,40001
2013,5677,1303,2279,0.05697357566060848,40001
2013,5677,1400,138,0.003449913752156196,40001
2013,5677,1602,127,0.0031749206269843255,40001
2013,5677,1610,15,3.749906252343691e-4,40001
2013,5677,1709,1,2.499937501562461e-5,40001
2013,5677,1906,1023,0.025574360640983975,40001
2013,5677,1910,6,1.4999625009374766e-4,40001
2013,5677,1919,254,0.006349841253968651,40001
2013,5677,1920,106,0.0026499337516562088,40001
2013,5677,1927,27,6.749831254218645e-4,40001
2013,5677,2011,1184,0.029599260018499537,40001
2013,5677,2012,199,0.004974875628109297,40001
2014,5999,99,3958,0.1302959475919281,30377
2014,5999,100,2735,0.09003522401817164,30377
2014,5999,101,283,0.009316259011752313,30377
2014,5999,105,476,0.015669750139908484,30377
2014,5999,107,489,0.01609770550087237,30377
2014,5999,200,1546,0.050893768311551506,30377
2014,5999,207,130,0.004279553609638872,30377
2014,5999,208,187,0.006155973269249762,30377
2014,5999,209,180,0.005925535767192284,30377
2014,5999,230,3912,0.12878164400697897,30377
2014,5999,300,448,0.014748000131678573,30377
2014,5999,331,93,0.0030615268130493463,30377
2014,5999,400,39,0.0012838660828916615,30377
2014,5999,500,4127,0.13585936728445863,30377
2014,5999,504,50,0.0016459821575534122,30377
2014,5999,505,820,0.02699410738387596,30377
2014,5999,602,1399,0.04605458076834447,30377
2014,5999,705,307,0.01010633044737795,30377
2014,5999,801,44,0.0014484642986470027,30377
2014,5999,806,978,0.03219541100174474,30377
2014,5999,1002,287,0.009447937584356586,30377
2014,5999,1005,16,5.267142904170919e-4,30377
2014,5999,1200,230,0.007571517924745696,30377
2014,5999,1207,20,6.583928630213648e-4,30377
2014,5999,1208,789,0.025973598446192844,30377
2014,5999,1302,193,0.006353491128156171,30377
2014,5999,1303,2026,0.06669519702406426,30377
2014,5999,1400,105,0.0034565625308621653,30377
2014,5999,1500,261,0.008592026862428812,30377
2014,5999,1602,199,0.006551008987062581,30377
2014,5999,1802,59,0.0019422589459130264,30377
2014,5999,1900,819,0.026961187740724892,30377
2014,5999,1908,1234,0.04062283964841821,30377
2014,5999,1910,793,0.026105277018797116,30377
2014,5999,1911,459,0.015110116206340323,30377
2014,5999,1920,37,0.001218026796589525,30377
2014,5999,1927,68,0.0022385357342726404,30377
2014,5999,2011,377,0.012410705467952728,30377
2014,5999,2500,204,0.0067156072028179215,30377
2015,6700,99,2376,0.07906558849955077,30051
2015,6700,100,1320,0.04392532694419487,30051
2015,6700,101,61,0.0020298825330271873,30051
2015,6700,105,125,0.004159595354563908,30051
2015,6700,107,159,0.005291005291005291,30051
2015,6700,200,1144,0.03806861668496889,30051
2015,6700,201,741,0.024658081261854845,30051
2015,6700,207,174,0.00579015673355296,30051
2015,6700,208,64,0.0021297128215367208,30051
2015,6700,209,328,0.010914778210375694,30051
2015,6700,230,15715,0.5229443279757745,30051
2015,6700,300,200,0.006655352567302253,30051
2015,6700,400,19,6.32258493893714e-4,30051
2015,6700,500,1299,0.04322651492462813,30051
2015,6700,504,176,0.005856710259225983,30051
2015,6700,505,275,0.009151109780040597,30051
2015,6700,602,548,0.018235666034408172,30051
2015,6700,705,185,0.006156201124754584,30051
2015,6700,801,14,4.658746797111577e-4,30051
2015,6700,806,171,0.0056903264450434265,30051
2015,6700,1002,109,0.0036271671491797278,30051
2015,6700,1005,1,3.327676283651126e-5,30051
2015,6700,1200,163,0.005424112342351336,30051
2015,6700,1202,20,6.655352567302253e-4,30051
2015,6700,1207,2,6.655352567302252e-5,30051
2015,6700,1208,331,0.011014608498885229,30051
2015,6700,1302,85,0.0028285248411034575,30051
2015,6700,1303,555,0.018468603374263752,30051
2015,6700,1400,53,0.001763668430335097,30051
2015,6700,1500,107,0.0035606136235067053,30051
2015,6700,1602,42,0.001397624039133473,30051
2015,6700,1802,83,0.002761971315430435,30051
2015,6700,1900,481,0.016006122924361918,30051
2015,6700,1908,392,0.013044491031912415,30051
2015,6700,1910,1953,0.0649895178197065,30051
2015,6700,1920,118,0.00392665801470833,30051
2015,6700,1927,349,0.011613590229942431,30051
2015,6700,2011,46,0.0015307310904795182,30051
2015,6700,2500,67,0.0022295431100462547,30051
2016,6888,99,1931,0.0631066374718128,30599
2016,6888,100,1813,0.0592503022974607,30599
2016,6888,101,34,0.0011111474231184026,30599
2016,6888,105,59,0.0019281675871760514,30599
2016,6888,107,141,0.0046079937252851404,30599
2016,6888,200,2608,0.08523154351449394,30599
2016,6888,207,486,0.015882871989280695,30599
2016,6888,230,17435,0.5697898624138044,30599
2016,6888,301,113,0.003692931141540573,30599
2016,6888,400,32,0.0010457858099937906,30599
2016,6888,500,853,0.027876727997646983,30599
2016,6888,504,1,3.2680806562305956e-5,30599
2016,6888,505,199,0.006503480505898886,30599
2016,6888,600,504,0.016471126507402203,30599
2016,6888,700,153,0.005000163404032812,30599
2016,6888,801,18,5.882545181215073e-4,30599
2016,6888,806,71,0.002320337265923723,30599
2016,6888,1002,46,0.001503317101866074,30599
2016,6888,1200,449,0.014673682146475376,30599
2016,6888,1202,6,1.9608483937383575e-4,30599
2016,6888,1208,284,0.009281349063694893,30599
2016,6888,1227,389,0.012712833752737018,30599
2016,6888,1302,92,0.003006634203732148,30599
2016,6888,1303,946,0.030916043007941436,30599
2016,6888,1400,100,0.003268080656230596,30599
2016,6888,1500,82,0.0026798261381090886,30599
2016,6888,1602,34,0.0011111474231184026,30599
2016,6888,1603,79,0.0025817837184221705,30599
2016,6888,1707,7,2.287656459361417e-4,30599
2016,6888,1802,95,0.003104676623419066,30599
2016,6888,1900,417,0.013627896336481584,30599
2016,6888,1908,52,0.0016994019412399097,30599
2016,6888,1910,722,0.0235955423379849,30599
2016,6888,1920,56,0.0018301251674891336,30599
2016,6888,2011,168,0.005490375502467401,30599
2016,6888,2012,59,0.0019281675871760514,30599
2016,6888,2500,65,0.002124252426549887,30599
